source,target,tgt_lng
distributed system,распределённая система,
distributed computing,распределённые вычисления,
node,узел,
cluster,кластер,
replica,реплика,
replication,репликация,
replication lag,задержка репликации,
leader election,выбор лидера,
leader-follower replication,репликация «ведущий — ведомый»,
single-leader replication,репликация с одним ведущим,
multi-leader replication,репликация с несколькими ведущими,
leaderless replication,репликация без ведущего,
consensus algorithm,алгоритм консенсуса,
consensus,консенсус,
quorum,кворум,
network partition,разделение сети,
partition tolerance,устойчивость к разделению сети,
partitioning,партиционирование,
sharding,шардирование,
shard,шард,
consistency model,модель согласованности,
eventual consistency,согласованность в конечном счёте,
strong consistency,строгая согласованность,
causal consistency,причинная согласованность,
read-your-writes consistency,согласованность «чтение своих записей»,
linearizability,линеаризуемость,
serializability,сериализуемость,
CAP theorem,теорема CAP,
high availability,высокая доступность,
fault tolerance,отказоустойчивость,
fault-tolerant,отказоустойчивый,
failover,переключение при отказе,
single point of failure,единая точка отказа,
Byzantine fault,византийский сбой,
heartbeat,контрольный сигнал,
split brain,раздвоение мозга,
clock skew,рассинхронизация часов,
logical clock,логические часы,
vector clock,векторные часы,
two-phase commit,двухфазная фиксация,
distributed transaction,распределённая транзакция,
saga pattern,паттерн «Сага»,
idempotent,идемпотентный,
idempotency,идемпотентность,
at-least-once delivery,доставка «хотя бы один раз»,
at-most-once delivery,доставка «не более одного раза»,
exactly-once semantics,семантика «ровно один раз»,
message queue,очередь сообщений,
message broker,брокер сообщений,
publish/subscribe,публикация — подписка,
event sourcing,порождение событий,
event-driven architecture,событийно-ориентированная архитектура,
stream processing,потоковая обработка,
batch processing,пакетная обработка,
backpressure,обратное давление,
load balancer,балансировщик нагрузки,
load balancing,балансировка нагрузки,
horizontal scaling,горизонтальное масштабирование,
vertical scaling,вертикальное масштабирование,
autoscaling,автомасштабирование,
service discovery,обнаружение сервисов,
service mesh,сервисная сетка,
circuit breaker,предохранитель,
rate limiting,ограничение частоты запросов,
rate limiter,ограничитель частоты запросов,
retry policy,политика повторных попыток,
exponential backoff,экспоненциальная выдержка,
distributed cache,распределённый кэш,
content delivery network,сеть доставки контента,
data center,центр обработки данных,
availability zone,зона доступности,
infrastructure as code,инфраструктура как код,
container orchestration,оркестрация контейнеров,
observability,наблюдаемость,
distributed tracing,распределённая трассировка,
tail latency,хвостовая задержка,
round-trip time,время приёма-передачи,
bandwidth,полоса пропускания,
service level objective,целевой уровень обслуживания,
service level agreement,соглашение об уровне обслуживания,
relational database,реляционная база данных,
database schema,схема базы данных,
primary key,первичный ключ,
foreign key,внешний ключ,
secondary index,вторичный индекс,
database index,индекс базы данных,
transaction,транзакция,
isolation level,уровень изоляции,
snapshot isolation,изоляция снимков,
dirty read,грязное чтение,
phantom read,фантомное чтение,
lost update,потерянное обновление,
write skew,асимметрия записи,
optimistic locking,оптимистическая блокировка,
pessimistic locking,пессимистическая блокировка,
optimistic concurrency control,оптимистическое управление параллелизмом,
write-ahead log,журнал упреждающей записи,
LSM tree,LSM-дерево,
query planner,планировщик запросов,
query optimizer,оптимизатор запросов,
stored procedure,хранимая процедура,
database normalization,нормализация базы данных,
denormalization,денормализация,
key-value store,хранилище «ключ — значение»,
document database,документная база данных,
column-oriented storage,колоночное хранилище,
wide-column store,хранилище с широкими столбцами,
time series database,база данных временных рядов,
data warehouse,хранилище данных,
data lake,озеро данных,
change data capture,захват изменений данных,
materialized view,материализованное представление,
connection pool,пул соединений,
packet,пакет,
socket,сокет,
three-way handshake,трёхэтапное рукопожатие,
handshake,рукопожатие,
domain name,доменное имя,
IP address,IP-адрес,
network interface,сетевой интерфейс,
proxy server,прокси-сервер,
reverse proxy,обратный прокси,
